Electrode,x,y,z
Fp1,-27,83,-3
Fp2,27,83,-3
F4,47,58,43
Fz,0,62,60
F3,-47,58,43
T7 (T3),-87,0,-3
T9,-79,0,-37
T10,79,0,-37
Nz,0,79,-37
Iz (inion),0,-79,-37
C3,-62,0,60
Cz,0,0,87
C4,62,0,60
T8 (T4),87,0,-3
P4,47,-58,43
Pz,0,-62,60
P3,-47,-58,43
O1,-27,-83,-3
Oz,0,-87,-3
O2,27,-83,-3